{
  "raw_summary": "Here is the summarized job description as a JSON object:\n\n```\n{\n  \"Role\": \"AI Researcher\",\n  \"Required Skills\": [\n    \"Python programming\",\n    \"TensorFlow\",\n    \"PyTorch\",\n    \"Research methodologies\"\n  ],\n  \"Qualifications\": {\n    \"Education\": [\"Ph.D.\", \"Master's\"] in \"AI, Machine Learning\", or related field,\n    \"Programming skills\": \"Strong Python programming\"\n  },\n  \"Experience\": [\n    \"Experience with research methodologies and model optimization\"\n  ],\n  \"Responsibilities\": [\n    \"Conduct research in AI, deep learning, and NLP\",\n    \"Develop and optimize machine learning models\",\n    \"Publish findings in top-tier conferences and journals\",\n    \"Collaborate with cross-functional teams to integrate AI solutions\",\n    \"Stay updated with the latest AI advancements and technologies\"\n  ]\n}\n```\n\n"
}