{
  "Role": "Big Data Engineer",
  "Required Skills": [
    "Distributed computing",
    "SQL",
    "Python",
    "Scala",
    "Cloud platforms (AWS, Azure, GCP)"
  ],
  "Qualifications": {
    "Education": "Bachelor's/Master's degree in Computer Science, Data Engineering, or related field"
  },
  "Experience": [
    "Hadoop",
    "Spark",
    "Kafka"
  ],
  "Responsibilities": [
    "Design and implement data pipelines for large-scale processing",
    "Optimize data storage and retrieval for performance and scalability",
    "Work with cloud-based and on-premises big data technologies",
    "Ensure data security, integrity, and compliance",
    "Collaborate with data scientists and analysts to support business needs"
  ]
}