{
  "Role": "Blockchain Developer",
  "Required Skills": [
    "Solidity",
    "Ethereum",
    "Hyperledger",
    "Cryptography"
  ],
  "Qualifications": [
    "Bachelor's degree in Computer Science, Information Technology, or a related field"
  ],
  "Experience": [
    "Experience with smart contracts and decentralized applications",
    "Strong problem-solving skills and knowledge of distributed systems"
  ],
  "Responsibilities": [
    "Develop and deploy secure smart contracts and blockchain applications",
    "Optimize blockchain infrastructure for performance and scalability",
    "Integrate blockchain solutions with existing systems",
    "Ensure security and compliance in blockchain implementations",
    "Stay updated with emerging blockchain technologies and trends"
  ]
}