{
  "Role": "UX/UI Designer",
  "Required Skills": [
    "Design",
    "User experience principles",
    "Front-end technologies"
  ],
  "Qualifications": [
    "Bachelor's degree in Design, Human-Computer Interaction, or a related field",
    "Proficiency in design tools like Figma, Adobe XD, or Sketch"
  ],
  "Experience": null,
  "Responsibilities": [
    "Design wireframes, prototypes, and UI elements based on user needs.",
    "Conduct user research and usability testing to refine designs.",
    "Collaborate with developers to ensure accurate implementation.",
    "Stay updated with design trends and best practices."
  ]
}